otherBranch,comparison,bipColumn,otherColumn,stateDistance,circularEventPhaseDistance,periodDifference,combinedDistance
B2_10_20_2_G.mat,directState,174,401,0.12365468969107286,0.11508017183874768,0.42348000867971525,
B2_10_20_2_G.mat,reflectedState,240,22,0.04234384256461663,0.13554533969745264,0.6342265457388496,
B2_10_20_2_G.mat,directCombined,167,400,0.16202951516285574,0.11359104479290273,0.39019937998223364,0.43750662324080636
B2_10_20_2_G.mat,reflectedCombined,285,47,0.2204170351011678,0.13047723702643685,0.35847804282289486,0.44058425520094985
PIP_10_20_2.mat,directState,242,1,0.25834687435220044,0.77908857955695,1.9693257473813537,
PIP_10_20_2.mat,reflectedState,242,1,0.25834687435220044,0.77908857955695,1.9693257473813537,
PIP_10_20_2.mat,directCombined,230,143,0.6878126337593645,0.9497349431410855,0.261965022680513,1.2015441541991692
PIP_10_20_2.mat,reflectedCombined,230,143,0.6878126337593509,0.9497349431410858,0.261965022680513,1.2015441541991614
PIP_10_20_2_Spread.mat,directState,251,355,0.3105005704553883,0.9204265806051722,0.9962905249399527,
PIP_10_20_2_Spread.mat,reflectedState,251,355,0.3105005704553883,0.9204265806051722,0.9962905249399527,
PIP_10_20_2_Spread.mat,directCombined,290,395,0.5119019607698614,0.8876338314636337,0.671710740302021,1.2252072293436438
PIP_10_20_2_Spread.mat,reflectedCombined,290,395,0.5119019607698614,0.8876338314636337,0.671710740302021,1.2252072293436438
PK_20_2.mat,directState,240,1,0.2846987898202486,0.8642666788613261,1.405895672015119,
PK_20_2.mat,reflectedState,231,6,0.22199004524528154,0.879453917743445,1.417050777148707,
PK_20_2.mat,directCombined,296,7,0.6087167215317676,0.8277136012400003,1.0164572180388263,1.445278910402177
PK_20_2.mat,reflectedCombined,174,13,0.5862956668977231,0.8518403437704338,1.0191968362090678,1.451942413195699
PK_B2_Parent.mat,directState,219,127,0.1926738053398403,0.6959482129649285,0.5152521476595555,
PK_B2_Parent.mat,reflectedState,219,136,0.19302266850606403,0.695922406530171,0.5145878066007339,
PK_B2_Parent.mat,directCombined,185,123,0.2868551245401055,0.6905798368506315,0.2585022807354447,0.7912078125783332
PK_B2_Parent.mat,reflectedCombined,186,140,0.2815535556571439,0.6900063269780934,0.2654100335525902,0.7910901477602708
