Location,Severity,Fixability,Description,CheckID,LineStart,LineEnd,ColumnStart,ColumnEnd,FullFilename
HybridFiniteDifferenceJacobian_v3.m,,,"The entire array or structure 'varargin' is a broadcast variable. This might result in unnecessary communication overhead.",PFBNS,85,85,29,36,/Users/nanyoujiayu/Documents/GitHub/SLIP_Model_Zoo/SLIP_Quadruped_v3/Numerics_v3/HybridFiniteDifferenceJacobian_v3.m
HybridFiniteDifferenceJacobian_v3.m,,,"Value assigned to variable might be unused.",NASGU,661,661,13,14,/Users/nanyoujiayu/Documents/GitHub/SLIP_Model_Zoo/SLIP_Quadruped_v3/Numerics_v3/HybridFiniteDifferenceJacobian_v3.m
NumericalContinuation1D_v3.m,,,"Value assigned to variable might be unused.",NASGU,451,451,13,17,/Users/nanyoujiayu/Documents/GitHub/SLIP_Model_Zoo/SLIP_Quadruped_v3/Numerics_v3/NumericalContinuation1D_v3.m
NumericalContinuation1D_v3.m,,,"This statement (and possibly following ones) cannot be reached.",UNRCH,592,592,17,36,/Users/nanyoujiayu/Documents/GitHub/SLIP_Model_Zoo/SLIP_Quadruped_v3/Numerics_v3/NumericalContinuation1D_v3.m
PseudoArclengthContinuation_v3.m,,,"Value assigned to variable might be unused.",NASGU,386,386,13,16,/Users/nanyoujiayu/Documents/GitHub/SLIP_Model_Zoo/SLIP_Quadruped_v3/Numerics_v3/PseudoArclengthContinuation_v3.m
PseudoArclengthContinuation_v3.m,,,"For improved performance, concatenate cell arrays using [] instead of extracting cell arrays and reconstructing them.",CCAT,398,398,43,53,/Users/nanyoujiayu/Documents/GitHub/SLIP_Model_Zoo/SLIP_Quadruped_v3/Numerics_v3/PseudoArclengthContinuation_v3.m
PseudoArclengthContinuation_v3.m,,,"This statement (and possibly following ones) cannot be reached.",UNRCH,942,942,17,36,/Users/nanyoujiayu/Documents/GitHub/SLIP_Model_Zoo/SLIP_Quadruped_v3/Numerics_v3/PseudoArclengthContinuation_v3.m
RootSolver_v3.m,,,"Input argument might be unused. Consider replacing the argument with ~ instead.",INUSD,417,417,48,56,/Users/nanyoujiayu/Documents/GitHub/SLIP_Model_Zoo/SLIP_Quadruped_v3/Numerics_v3/RootSolver_v3.m
RootSolver_v3.m,,,"Value assigned to variable might be unused.",NASGU,429,429,13,21,/Users/nanyoujiayu/Documents/GitHub/SLIP_Model_Zoo/SLIP_Quadruped_v3/Numerics_v3/RootSolver_v3.m
RootSolver_v3.m,,,"Variable appears to change size on every loop iteration. Consider preallocating for speed.",AGROW,749,749,17,27,/Users/nanyoujiayu/Documents/GitHub/SLIP_Model_Zoo/SLIP_Quadruped_v3/Numerics_v3/RootSolver_v3.m
RootSolver_v3.m,,,"Variable appears to change size on every loop iteration. Consider preallocating for speed.",AGROW,767,767,21,26,/Users/nanyoujiayu/Documents/GitHub/SLIP_Model_Zoo/SLIP_Quadruped_v3/Numerics_v3/RootSolver_v3.m
RootSolver_v3.m,,,"Value assigned to variable might be unused.",NASGU,1042,1042,13,16,/Users/nanyoujiayu/Documents/GitHub/SLIP_Model_Zoo/SLIP_Quadruped_v3/Numerics_v3/RootSolver_v3.m
RootSolver_v3.m,,,"For improved performance, concatenate cell arrays using [] instead of extracting cell arrays and reconstructing them.",CCAT,1054,1054,43,53,/Users/nanyoujiayu/Documents/GitHub/SLIP_Model_Zoo/SLIP_Quadruped_v3/Numerics_v3/RootSolver_v3.m
RootSolver_v3.m,,,"For improved performance, concatenate cell arrays using [] instead of extracting cell arrays and reconstructing them.",CCAT,1057,1057,39,49,/Users/nanyoujiayu/Documents/GitHub/SLIP_Model_Zoo/SLIP_Quadruped_v3/Numerics_v3/RootSolver_v3.m
EventClusterDerivative_v3.m,,,"Variable appears to change size on every loop iteration. Consider preallocating for speed.",AGROW,94,94,17,25,/Users/nanyoujiayu/Documents/GitHub/SLIP_Model_Zoo/SLIP_Quadruped_v3/Stability_v3/EventClusterDerivative_v3.m
EventClusterDerivative_v3.m,,,"A Code Analyzer message was once suppressed here, but the message is no longer generated.",MSNU,118,118,58,68,/Users/nanyoujiayu/Documents/GitHub/SLIP_Model_Zoo/SLIP_Quadruped_v3/Stability_v3/EventClusterDerivative_v3.m
EventClusterDerivative_v3.m,,,"Variable appears to change size on every loop iteration. Consider preallocating for speed.",AGROW,169,169,21,34,/Users/nanyoujiayu/Documents/GitHub/SLIP_Model_Zoo/SLIP_Quadruped_v3/Stability_v3/EventClusterDerivative_v3.m
EventClusterDerivative_v3.m,,,"Variable appears to change size on every loop iteration. Consider preallocating for speed.",AGROW,172,172,25,32,/Users/nanyoujiayu/Documents/GitHub/SLIP_Model_Zoo/SLIP_Quadruped_v3/Stability_v3/EventClusterDerivative_v3.m
EventClusterDerivative_v3.m,,,"Variable appears to change size on every loop iteration. Consider preallocating for speed.",AGROW,181,181,21,29,/Users/nanyoujiayu/Documents/GitHub/SLIP_Model_Zoo/SLIP_Quadruped_v3/Stability_v3/EventClusterDerivative_v3.m
EventClusterDerivative_v3.m,,,"Variable appears to change size on every loop iteration. Consider preallocating for speed.",AGROW,188,188,21,28,/Users/nanyoujiayu/Documents/GitHub/SLIP_Model_Zoo/SLIP_Quadruped_v3/Stability_v3/EventClusterDerivative_v3.m
EventClusterDerivative_v3.m,,,"To create a square matrix, use zeros(numel(...), numel(...)). Alternatively, use zeros(size(...)) to create an array with same size as input array.",MNUML,205,205,32,36,/Users/nanyoujiayu/Documents/GitHub/SLIP_Model_Zoo/SLIP_Quadruped_v3/Stability_v3/EventClusterDerivative_v3.m
EventClusterDerivative_v3.m,,,"To create a square matrix, use true(numel(...), numel(...)). Alternatively, use true(size(...)) to create an array with same size as input array.",MNUML,206,206,29,32,/Users/nanyoujiayu/Documents/GitHub/SLIP_Model_Zoo/SLIP_Quadruped_v3/Stability_v3/EventClusterDerivative_v3.m
TestEventClusterDerivative_v3.m,,,"A Code Analyzer message was once suppressed here, but the message is no longer generated.",MSNU,76,76,64,74,/Users/nanyoujiayu/Documents/GitHub/SLIP_Model_Zoo/SLIP_Quadruped_v3/Tests_v3/TestEventClusterDerivative_v3.m
TestEventClusterDerivative_v3.m,,,"A Code Analyzer message was once suppressed here, but the message is no longer generated.",MSNU,77,77,50,54,/Users/nanyoujiayu/Documents/GitHub/SLIP_Model_Zoo/SLIP_Quadruped_v3/Tests_v3/TestEventClusterDerivative_v3.m
TestEventClusterDerivative_v3.m,,,"A Code Analyzer message was once suppressed here, but the message is no longer generated.",MSNU,77,77,56,60,/Users/nanyoujiayu/Documents/GitHub/SLIP_Model_Zoo/SLIP_Quadruped_v3/Tests_v3/TestEventClusterDerivative_v3.m
TestEventClusterDerivative_v3.m,,,"A Code Analyzer message was once suppressed here, but the message is no longer generated.",MSNU,107,107,64,74,/Users/nanyoujiayu/Documents/GitHub/SLIP_Model_Zoo/SLIP_Quadruped_v3/Tests_v3/TestEventClusterDerivative_v3.m
TestEventClusters_v3.m,,,"Input argument might be unused. Consider replacing the argument with ~, or make this method Static instead.",MANU,3,3,36,43,/Users/nanyoujiayu/Documents/GitHub/SLIP_Model_Zoo/SLIP_Quadruped_v3/Tests_v3/TestEventClusters_v3.m
TestNumericsStabilityContracts_v3.m,,,"Input argument might be unused. Consider replacing the argument with ~, or make this method Static instead.",MANU,3,3,36,43,/Users/nanyoujiayu/Documents/GitHub/SLIP_Model_Zoo/SLIP_Quadruped_v3/Tests_v3/TestNumericsStabilityContracts_v3.m
