Transition,Amplitude,Sign,PredictorAccepted,CorrectorAccepted,BranchPointAccepted,Gait,TransverseFraction,CanonicalResidual,ReturnResidual,EventTimeError,RejectionStage,RejectionMessage
bg_to_hg,0.01,-1,1,1,1,HG,0.999996209507544,7.04032077624091e-14,4.44089209850063e-14,0,,
bg_to_hg,0.01,1,1,1,1,HG,0.999996189886117,6.95114997561222e-14,1.62832710278356e-14,0,,
bg_to_hg,0.005,-1,1,1,1,HG,0.999999197257255,6.75873420986651e-14,3.99680288865056e-14,0,,
bg_to_hg,0.005,1,1,1,1,HG,0.999999188215066,7.11237123587176e-14,3.70074341541719e-14,0,,
bg_to_fg,0.01,-1,1,1,1,FG,0.999986029772677,9.49627474373727e-14,3.10862446895044e-14,0,,
bg_to_fg,0.01,1,1,1,1,FG,0.999986029720022,1.00748456394489e-13,1.84297022087776e-14,0,,
bg_to_fg,0.005,-1,1,1,1,FG,0.999996247058693,1.26377564027266e-13,1.99840144432528e-13,0,,
bg_to_fg,0.005,1,1,1,1,FG,0.999996247050118,1.0478246725152e-13,1.11022302462516e-13,0,,
be_to_fe,0.01,-1,1,1,1,FE,0.999999914273463,9.567370442618e-14,4.736951571734e-14,0,,
be_to_fe,0.01,1,1,1,1,FE,0.999999911395166,9.02905117968227e-14,5.32907051820075e-14,0,,
be_to_fe,0.005,-1,1,1,1,FE,0.999999973842035,8.56882643699546e-14,1.77635683940025e-14,0,,
be_to_fe,0.005,1,1,1,1,FE,0.999999972241497,8.9567889540337e-14,3.5527136788005e-14,0,,
be_to_he,0.01,-1,1,1,1,HE,0.999984476128305,1.25873967514266e-13,1.50990331349021e-13,0,,
be_to_he,0.01,1,1,1,1,HE,0.999984476051831,1.37732249934799e-13,1.56911520813689e-13,0,,
be_to_he,0.005,-1,1,1,1,HE,0.9999960895167,1.20541379133878e-13,3.84877315203388e-14,0,,
be_to_he,0.005,1,1,1,1,HE,0.999996089458145,1.27309819304457e-13,1.09542005096349e-13,0,,
fg_to_gg,0.01,-1,1,1,1,GG,0.999997461623333,1.07382563719716e-13,2.96059473233375e-14,0,,
fg_to_gg,0.01,1,1,1,1,GG,0.999997462237375,1.10017070880994e-13,1.92438657601694e-14,0,,
fg_to_gg,0.005,-1,1,1,1,GG,0.999999360108116,1.13312695074296e-13,5.32907051820075e-14,0,,
fg_to_gg,0.005,1,1,1,1,GG,0.999999360419069,1.13813004341771e-13,4.736951571734e-14,0,,
he_to_ge,0.01,-1,1,1,1,GE,0.999999567158664,1.14140765168214e-13,6.21724893790088e-14,0,,
he_to_ge,0.01,1,1,1,1,GE,0.999999578354673,1.11335475042133e-13,5.62512999143413e-14,0,,
he_to_ge,0.005,-1,1,1,1,GE,0.999999892630083,1.13497293127999e-13,2.07611705604904e-14,0,,
he_to_ge,0.005,1,1,1,1,GE,0.999999898168332,1.10454976390314e-13,4.44089209850063e-14,0,,
