point,initial_velocity,matrix,sorted_index,real,imaginary,magnitude,role
below,0.59143075052335847,full12,1,0.999999998202034,0,0.999999998202034,structural_parent_family_unit
below,0.59143075052335847,full12,2,0.99409446574281035,0,0.99409446574281035,transverse_critical_branch_mode
below,0.59143075052335847,full12,3,0.27646293032206865,0,0.27646293032206865,other_stable_multiplier
below,0.59143075052335847,full12,4,0.27646293000954753,0,0.27646293000954753,other_stable_multiplier
below,0.59143075052335847,full12,5,5.7828794010460661e-17,0,5.7828794010460661e-17,near_zero_multiplier
below,0.59143075052335847,full12,6,-5.4563512588580552e-18,0,5.4563512588580552e-18,near_zero_multiplier
below,0.59143075052335847,full12,7,-1.732848543717453e-09,4.8301972272354577e-09,5.1316244337886615e-09,near_zero_multiplier
below,0.59143075052335847,full12,8,-1.732848543717453e-09,-4.8301972272354577e-09,5.1316244337886615e-09,near_zero_multiplier
below,0.59143075052335847,full12,9,-0.031214407531388801,0,0.031214407531388801,other_stable_multiplier
below,0.59143075052335847,full12,10,-0.12851060261001435,0,0.12851060261001435,other_stable_multiplier
below,0.59143075052335847,full12,11,-2.1640649598281305,0,2.1640649598281305,other_unstable_multiplier
below,0.59143075052335847,full12,12,-8.8569017143067512,0,8.8569017143067512,other_unstable_multiplier
below,0.59143075052335847,quotient11,1,0.99409446507180654,0,0.99409446507180654,transverse_critical_branch_mode
below,0.59143075052335847,quotient11,2,0.27646293032206931,0,0.27646293032206931,other_stable_multiplier
below,0.59143075052335847,quotient11,3,0.27646293000954786,0,0.27646293000954786,other_stable_multiplier
below,0.59143075052335847,quotient11,4,1.9421046880167904e-09,0,1.9421046880167904e-09,near_zero_multiplier
below,0.59143075052335847,quotient11,5,3.9450754669889825e-18,0,3.9450754669889825e-18,near_zero_multiplier
below,0.59143075052335847,quotient11,6,-2.7123178389079103e-17,0,2.7123178389079103e-17,near_zero_multiplier
below,0.59143075052335847,quotient11,7,-8.7875752179451992e-12,0,8.7875752179451992e-12,near_zero_multiplier
below,0.59143075052335847,quotient11,8,-0.031214406480315392,0,0.031214406480315392,other_stable_multiplier
below,0.59143075052335847,quotient11,9,-0.12851060267346012,0,0.12851060267346012,other_stable_multiplier
below,0.59143075052335847,quotient11,10,-2.1640649595515473,0,2.1640649595515473,other_unstable_multiplier
below,0.59143075052335847,quotient11,11,-8.8569017160388377,0,8.8569017160388377,other_unstable_multiplier
critical,0.59343075052335847,full12,1,1.0000000047566711,0,1.0000000047566711,unit_cluster_structural_plus_critical_individual_assignment_ambiguous
critical,0.59343075052335847,full12,2,0.99999999445486121,0,0.99999999445486121,unit_cluster_structural_plus_critical_individual_assignment_ambiguous
critical,0.59343075052335847,full12,3,0.2802056908797651,0,0.2802056908797651,other_stable_multiplier
critical,0.59343075052335847,full12,4,0.28020569070716039,0,0.28020569070716039,other_stable_multiplier
critical,0.59343075052335847,full12,5,-2.1610436571741385e-17,0,2.1610436571741385e-17,near_zero_multiplier
critical,0.59343075052335847,full12,6,-1.4126928388461869e-18,0,1.4126928388461869e-18,near_zero_multiplier
critical,0.59343075052335847,full12,7,-3.8144102177807061e-10,5.8598468688334509e-09,5.8722485113687325e-09,near_zero_multiplier
critical,0.59343075052335847,full12,8,-3.8144102177807061e-10,-5.8598468688334509e-09,5.8722485113687325e-09,near_zero_multiplier
critical,0.59343075052335847,full12,9,-0.031415737756405902,0,0.031415737756405902,other_stable_multiplier
critical,0.59343075052335847,full12,10,-0.12944229920604106,0,0.12944229920604106,other_stable_multiplier
critical,0.59343075052335847,full12,11,-2.1647150212507604,0,2.1647150212507604,other_unstable_multiplier
critical,0.59343075052335847,full12,12,-8.9192770843880886,0,8.9192770843880886,other_unstable_multiplier
critical,0.59343075052335847,quotient11,1,1.0000000047605333,0,1.0000000047605333,transverse_critical_branch_mode
critical,0.59343075052335847,quotient11,2,0.2802056908797651,0,0.2802056908797651,other_stable_multiplier
critical,0.59343075052335847,quotient11,3,0.28020569070716034,0,0.28020569070716034,other_stable_multiplier
critical,0.59343075052335847,quotient11,4,-1.2654700635270746e-17,5.730655635376554e-18,1.3891791179671356e-17,near_zero_multiplier
critical,0.59343075052335847,quotient11,5,-1.2654700635270746e-17,-5.730655635376554e-18,1.3891791179671356e-17,near_zero_multiplier
critical,0.59343075052335847,quotient11,6,-7.2514716122581631e-10,4.9557579638223969e-09,5.0085302636025844e-09,near_zero_multiplier
critical,0.59343075052335847,quotient11,7,-7.2514716122581631e-10,-4.9557579638223969e-09,5.0085302636025844e-09,near_zero_multiplier
critical,0.59343075052335847,quotient11,8,-0.031415739487407751,0,0.031415739487407751,other_stable_multiplier
critical,0.59343075052335847,quotient11,9,-0.12944229918093006,0,0.12944229918093006,other_stable_multiplier
critical,0.59343075052335847,quotient11,10,-2.1647150209773485,0,2.1647150209773485,other_unstable_multiplier
critical,0.59343075052335847,quotient11,11,-8.9192770671610013,0,8.9192770671610013,other_unstable_multiplier
above,0.59543075052335848,full12,1,1.0000000012667367,0,1.0000000012667367,structural_parent_family_unit
above,0.59543075052335848,full12,2,1.0058994491731557,0,1.0058994491731557,transverse_critical_branch_mode
above,0.59543075052335848,full12,3,0.28394654360964322,0,0.28394654360964322,other_stable_multiplier
above,0.59543075052335848,full12,4,0.2839465426917574,0,0.2839465426917574,other_stable_multiplier
above,0.59543075052335848,full12,5,6.0694031507528459e-09,0,6.0694031507528459e-09,near_zero_multiplier
above,0.59543075052335848,full12,6,2.0615647495238544e-17,0,2.0615647495238544e-17,near_zero_multiplier
above,0.59543075052335848,full12,7,-2.3875376089598237e-17,0,2.3875376089598237e-17,near_zero_multiplier
above,0.59543075052335848,full12,8,-4.6297022787799107e-09,0,4.6297022787799107e-09,near_zero_multiplier
above,0.59543075052335848,full12,9,-0.031611997338721026,0,0.031611997338721026,other_stable_multiplier
above,0.59543075052335848,full12,10,-0.13036431310962843,0,0.13036431310962843,other_stable_multiplier
above,0.59543075052335848,full12,11,-2.1653260197025066,0,2.1653260197025066,other_unstable_multiplier
above,0.59543075052335848,full12,12,-8.9822397430282752,0,8.9822397430282752,other_unstable_multiplier
above,0.59543075052335848,quotient11,1,1.0058994501595087,0,1.0058994501595087,transverse_critical_branch_mode
above,0.59543075052335848,quotient11,2,0.2839465436096435,0,0.2839465436096435,other_stable_multiplier
above,0.59543075052335848,quotient11,3,0.28394654269175784,0,0.28394654269175784,other_stable_multiplier
above,0.59543075052335848,quotient11,4,3.9764326907903821e-09,0,3.9764326907903821e-09,near_zero_multiplier
above,0.59543075052335848,quotient11,5,7.7334520907346485e-17,0,7.7334520907346485e-17,near_zero_multiplier
above,0.59543075052335848,quotient11,6,-8.0468351451850738e-17,0,8.0468351451850738e-17,near_zero_multiplier
above,0.59543075052335848,quotient11,7,-4.5258675391934646e-09,0,4.5258675391934646e-09,near_zero_multiplier
above,0.59543075052335848,quotient11,8,-0.031611997844268935,0,0.031611997844268935,other_stable_multiplier
above,0.59543075052335848,quotient11,9,-0.13036431303063217,0,0.13036431303063217,other_stable_multiplier
above,0.59543075052335848,quotient11,10,-2.165326020456674,0,2.165326020456674,other_unstable_multiplier
above,0.59543075052335848,quotient11,11,-8.9822397621451167,0,8.9822397621451167,other_unstable_multiplier
