variable,value
dx,4.43406193516227
y,0.986231408959873
dy,3.79682088573584e-15
phi,7.52288324190558e-17
dphi,6.79743262181018e-09
alphaBL,1.48283162092746e-07
dalphaBL,4.28349938944166
alphaFL,-1.4828324363799e-07
dalphaFL,4.28349938944166
alphaBR,1.4827646590005e-07
dalphaBR,4.28349938944166
alphaFR,-1.48277314551292e-07
dalphaFR,4.28349938944166
tBL_TD,0.554822472473993
tBL_LO,0.809775518927677
tFL_TD,0.55482252745295
tFL_LO,0.809775573906634
tBR_TD,0.554822472475199
tBR_LO,0.809775518928884
tFR_TD,0.554822527451882
tFR_LO,0.809775573905566
T_apex,1.36459804638066
