attemptIndex,radius,requestedGaitClass,gaitClass,abbreviation,dx,y,dy,phi,dphi,alphaBL,dalphaBL,alphaFL,dalphaFL,alphaBR,dalphaBR,alphaFR,dalphaFR,tBL_TD,tBL_LO,tFL_TD,tFL_LO,tBR_TD,tBR_LO,tFR_TD,tFR_LO,T_apex
1,0.01,B,B,BE,4.43556299306749,0.986170322704055,6.99227225910979e-18,-8.76555617320304e-17,-0.000229080688737159,-0.00499844450138967,4.28464475177634,0.0049984445009654,4.28464475177635,-0.00499844450141422,4.28464475177635,0.00499844450097575,4.28464475177635,0.555732361341527,0.810633466696738,0.553879530430305,0.808780635785682,0.555732361341383,0.810633466696746,0.553879530430297,0.808780635785746,1.36451299712701
2,0.01,B,B,BG,4.43235205772455,0.986287730599053,1.02438555321161e-17,4.43639036722016e-16,0.000229220653610556,0.00499866233107768,4.28210580271906,-0.0049986623314937,4.28210580271904,0.00499866233104046,4.28210580271904,-0.00499866233149366,4.28210580271904,0.553905878733872,0.808923288972787,0.555759776881291,0.810777187119982,0.55390587873388,0.808923288972574,0.555759776881291,0.810777187119982,1.36468306585383
3,0.01,F,F,FG,4.43835595825185,0.986109076723274,5.09517271373995e-17,-1.51635361305821e-06,0.000178784017510773,0.00389920313564977,4.28624426178874,-0.00743862138467214,4.28616377937565,0.00389920313573548,4.28624426178879,-0.000367553559542295,4.28628324244538,0.554159056057411,0.808969559830256,0.556241319924107,0.811052600444016,0.554159056057403,0.808969559830735,0.554967802665499,0.80977920228699,1.36457452762724
4,0.01,H,H,HG,4.42713478384512,0.98643959288599,1.47625673609424e-18,1.51752431716359e-06,0.000180875492801981,0.000408985400227918,4.27865201610334,-0.00394063009208832,4.2786123541328,0.00748005328032954,4.27853109457698,-0.00394063009210081,4.27861235413279,0.554685028955137,0.809880814609785,0.555511028568266,0.810705913632179,0.553410234301415,0.808605898009556,0.555511028568269,0.810705913632107,1.3647539768841
5,0.01,F,F,FG,4.43835595822839,0.986109076723982,6.04255118546734e-18,-1.51635360166424e-06,0.00017878401768223,0.00389920313950023,4.28624426177265,-0.000367553580964936,4.28628324242927,0.00389920313946903,4.28624426177264,-0.00743862137078751,4.28616377936,0.554159056056522,0.808969559830318,0.554967802669192,0.809779202291484,0.554159056056516,0.808969559830153,0.556241319921443,0.811052600442151,1.36457452762766
6,0.01,H,H,HG,4.42713478398878,0.986439592881772,5.68981633362059e-18,1.51752425503493e-06,0.000180875489202204,0.00748005312918249,4.27853109468216,-0.00394063001378407,4.27861235423466,0.000408985394404295,4.27865201620362,-0.00394063001375938,4.27861235423466,0.553410234330043,0.808605898033095,0.555511028554675,0.810705913613435,0.554685028957545,0.809880814607101,0.555511028554819,0.810705913613428,1.36475397688093
7,0.005,B,B,BE,4.43483835976237,0.986201467239262,3.11358806724826e-19,1.59911667893432e-17,-0.000114549861236923,-0.00249913830955608,4.28410296042134,0.00249913830913274,4.28410296042134,-0.0024991383095614,4.28410296042134,0.00249913830913629,4.28410296042134,0.555278242879451,0.810203776982898,0.554351753933449,0.80927728803693,0.55527824287942,0.810203776982899,0.55435175393347,0.809277288036929,1.36455553091632
8,0.005,B,B,BG,4.43323298273927,0.986260169355066,4.27790776183856e-17,-6.02892702323147e-16,0.00011459504548589,0.00249941518931325,4.28283356680994,-0.00249941518978471,4.28283356680994,0.00249941518937717,4.28283356680992,-0.00249941518978658,4.28283356680994,0.554365021396155,0.809348701813793,0.555291859594365,0.810275540012054,0.554365021396543,0.809348701813761,0.555291859594363,0.810275540012046,1.3646405614081
9,0.005,F,F,FG,4.43621489981409,0.986171290179585,9.24943847068139e-19,-3.7905094013802e-07,8.96808061685015e-05,0.00195611736697457,4.28488550826702,-0.00372484978705554,4.2848653452018,0.00195611736698433,4.28488550826702,-0.000189315870402623,4.28489530525174,0.554490155463612,0.809371247023803,0.555533789572489,0.810415077415598,0.554490155463608,0.809371247023861,0.554896949432062,0.809778263988162,1.36458671988385
10,0.005,H,H,HG,4.43063708610031,0.986335568424267,7.64552581737757e-18,3.79196695014522e-07,9.09381776293272e-05,0.00021569639146536,4.28110002718438,-0.00198249727736963,4.2810900223394,0.00375123032873279,4.28106963948589,-0.00198249727734287,4.28109002233942,0.554752552157683,0.809824878062931,0.555169599705556,0.810241701921157,0.5541153914479,0.809187690079277,0.555169599705522,0.810241701921341,1.36467578023465
11,0.005,F,F,FG,4.43621489981685,0.986171290179454,1.17636148815445e-17,-3.79050933657541e-07,8.96808043782698e-05,0.00195611732789319,4.28488550827064,-0.000189315843145152,4.284895305255,0.00195611732792733,4.28488550827063,-0.00372484973615619,4.28486534520587,0.55449015547071,0.80937124703074,0.554896949426772,0.809778263982731,0.554490155470913,0.809371247030727,0.55553378956294,0.81041507740591,1.36458671988336
12,0.005,H,H,HG,4.43063708616663,0.986335568422259,2.50667468524627e-19,3.79196679701789e-07,9.09381754029946e-05,0.00375123024774256,4.28106963953398,-0.00198249722887317,4.28109002238666,0.000215696375368768,4.28110002723116,-0.00198249722887113,4.28109002238666,0.554115391463111,0.809187690092153,0.555169599696874,0.81024170191018,0.554752552161194,0.809824878064106,0.555169599696874,0.810241701910191,1.36467578023304
