orbit,height,period,spectrum,index,real,imaginary
delayed_PIP_below,1.045594946313664,2.439753387887008,full12,1,0.0,0.0
delayed_PIP_below,1.045594946313664,2.439753387887008,full12,2,0.0,0.0
delayed_PIP_below,1.045594946313664,2.439753387887008,full12,3,0.0,0.0
delayed_PIP_below,1.045594946313664,2.439753387887008,full12,4,0.0,0.0
delayed_PIP_below,1.045594946313664,2.439753387887008,full12,5,0.9970990097173791,0.0
delayed_PIP_below,1.045594946313664,2.439753387887008,full12,6,0.9999999998728616,0.0
delayed_PIP_below,1.045594946313664,2.439753387887008,full12,7,-0.4987551991684662,0.866742897868954
delayed_PIP_below,1.045594946313664,2.439753387887008,full12,8,-0.4987551991684662,-0.866742897868954
delayed_PIP_below,1.045594946313664,2.439753387887008,full12,9,-0.7793092029657056,0.0
delayed_PIP_below,1.045594946313664,2.439753387887008,full12,10,-0.7770484310496407,0.0
delayed_PIP_below,1.045594946313664,2.439753387887008,full12,11,-0.7770484310478684,0.0
delayed_PIP_below,1.045594946313664,2.439753387887008,full12,12,-0.7770484310496396,0.0
delayed_PIP_below,1.045594946313664,2.439753387887008,parent_removed11,1,0.9970990097173799,0.0
delayed_PIP_below,1.045594946313664,2.439753387887008,parent_removed11,2,0.0,0.0
delayed_PIP_below,1.045594946313664,2.439753387887008,parent_removed11,3,0.0,0.0
delayed_PIP_below,1.045594946313664,2.439753387887008,parent_removed11,4,0.0,0.0
delayed_PIP_below,1.045594946313664,2.439753387887008,parent_removed11,5,0.0,0.0
delayed_PIP_below,1.045594946313664,2.439753387887008,parent_removed11,6,-0.4987551991684659,0.8667428978689541
delayed_PIP_below,1.045594946313664,2.439753387887008,parent_removed11,7,-0.4987551991684659,-0.8667428978689541
delayed_PIP_below,1.045594946313664,2.439753387887008,parent_removed11,8,-0.7770484310478679,0.0
delayed_PIP_below,1.045594946313664,2.439753387887008,parent_removed11,9,-0.7770484310496399,0.0
delayed_PIP_below,1.045594946313664,2.439753387887008,parent_removed11,10,-0.7770484310496408,0.0
delayed_PIP_below,1.045594946313664,2.439753387887008,parent_removed11,11,-0.7793092029657072,0.0
delayed_PIP_critical,1.045694946313665,2.4409364464402943,full12,1,0.0,0.0
delayed_PIP_critical,1.045694946313665,2.4409364464402943,full12,2,0.0,0.0
delayed_PIP_critical,1.045694946313665,2.4409364464402943,full12,3,0.0,0.0
delayed_PIP_critical,1.045694946313665,2.4409364464402943,full12,4,0.0,0.0
delayed_PIP_critical,1.045694946313665,2.4409364464402943,full12,5,1.000000067649352,0.0
delayed_PIP_critical,1.045694946313665,2.4409364464402943,full12,6,0.9999999999604136,0.0
delayed_PIP_critical,1.045694946313665,2.4409364464402943,full12,7,-0.49858518319183776,0.8668407090268546
delayed_PIP_critical,1.045694946313665,2.4409364464402943,full12,8,-0.49858518319183776,-0.8668407090268546
delayed_PIP_critical,1.045694946313665,2.4409364464402943,full12,9,-0.7731002657668952,0.0
delayed_PIP_critical,1.045694946313665,2.4409364464402943,full12,10,-0.7731003148411132,0.0
delayed_PIP_critical,1.045694946313665,2.4409364464402943,full12,11,-0.7731003148428952,0.0
delayed_PIP_critical,1.045694946313665,2.4409364464402943,full12,12,-0.773100314842896,0.0
delayed_PIP_critical,1.045694946313665,2.4409364464402943,parent_removed11,1,1.000000067649351,0.0
delayed_PIP_critical,1.045694946313665,2.4409364464402943,parent_removed11,2,0.0,0.0
delayed_PIP_critical,1.045694946313665,2.4409364464402943,parent_removed11,3,0.0,0.0
delayed_PIP_critical,1.045694946313665,2.4409364464402943,parent_removed11,4,0.0,0.0
delayed_PIP_critical,1.045694946313665,2.4409364464402943,parent_removed11,5,0.0,0.0
delayed_PIP_critical,1.045694946313665,2.4409364464402943,parent_removed11,6,-0.49858518319183714,0.8668407090268544
delayed_PIP_critical,1.045694946313665,2.4409364464402943,parent_removed11,7,-0.49858518319183714,-0.8668407090268544
delayed_PIP_critical,1.045694946313665,2.4409364464402943,parent_removed11,8,-0.7731002657668947,0.0
delayed_PIP_critical,1.045694946313665,2.4409364464402943,parent_removed11,9,-0.7731003148411132,0.0
delayed_PIP_critical,1.045694946313665,2.4409364464402943,parent_removed11,10,-0.7731003148428949,0.0
delayed_PIP_critical,1.045694946313665,2.4409364464402943,parent_removed11,11,-0.773100314842896,0.0
delayed_PIP_above,1.045794946313664,2.4421197442070346,full12,1,0.0,0.0
delayed_PIP_above,1.045794946313664,2.4421197442070346,full12,2,0.0,0.0
delayed_PIP_above,1.045794946313664,2.4421197442070346,full12,3,0.0,0.0
delayed_PIP_above,1.045794946313664,2.4421197442070346,full12,4,0.0,0.0
delayed_PIP_above,1.045794946313664,2.4421197442070346,full12,5,1.002981728295605,0.0
delayed_PIP_above,1.045794946313664,2.4421197442070346,full12,6,1.0000000001275706,0.0
delayed_PIP_above,1.045794946313664,2.4421197442070346,full12,7,-0.49841479772393754,0.8669386882205165
delayed_PIP_above,1.045794946313664,2.4421197442070346,full12,8,-0.49841479772393754,-0.8669386882205165
delayed_PIP_above,1.045794946313664,2.4421197442070346,full12,9,-0.7668367185672047,0.0
delayed_PIP_above,1.045794946313664,2.4421197442070346,full12,10,-0.7691232144324276,0.0
delayed_PIP_above,1.045794946313664,2.4421197442070346,full12,11,-0.7691232144342193,0.0
delayed_PIP_above,1.045794946313664,2.4421197442070346,full12,12,-0.7691232144342205,0.0
delayed_PIP_above,1.045794946313664,2.4421197442070346,parent_removed11,1,1.0029817282956044,0.0
delayed_PIP_above,1.045794946313664,2.4421197442070346,parent_removed11,2,0.0,0.0
delayed_PIP_above,1.045794946313664,2.4421197442070346,parent_removed11,3,0.0,0.0
delayed_PIP_above,1.045794946313664,2.4421197442070346,parent_removed11,4,0.0,0.0
delayed_PIP_above,1.045794946313664,2.4421197442070346,parent_removed11,5,0.0,0.0
delayed_PIP_above,1.045794946313664,2.4421197442070346,parent_removed11,6,-0.49841479772393665,0.8669386882205162
delayed_PIP_above,1.045794946313664,2.4421197442070346,parent_removed11,7,-0.49841479772393665,-0.8669386882205162
delayed_PIP_above,1.045794946313664,2.4421197442070346,parent_removed11,8,-0.7668367185672048,0.0
delayed_PIP_above,1.045794946313664,2.4421197442070346,parent_removed11,9,-0.7691232144324273,0.0
delayed_PIP_above,1.045794946313664,2.4421197442070346,parent_removed11,10,-0.7691232144342187,0.0
delayed_PIP_above,1.045794946313664,2.4421197442070346,parent_removed11,11,-0.7691232144342205,0.0
